,X,Y,Z,azimuth,dis,laser_id,reflectivity
0,-0.7079753765748694,-0.8127120714475093,0.018813694139391626,22106,539,1,90
1,-0.5862528256962128,-0.6729820896717854,-0.20605516577898036,22106,458,2,90
2,-0.7385983605339641,-0.8478653685123089,0.058930286729554755,22106,563,3,90
3,-0.7407236231281192,-0.850305038905398,0.09866030079034906,22106,566,5,90
4,-0.7771279120033885,-0.8920949174807368,0.14526825733893578,22106,596,7,90
5,-0.6454334168484518,-0.7409177586459138,-0.120650649971096,22106,495,8,90
6,-0.7992749047210216,-0.9175182993149453,0.19272726092956444,22106,616,9,90
7,-0.6569668883574485,-0.7541574726687451,-0.0875043657186488,22106,502,10,90
8,-0.8214507812188884,-0.9429748379475986,0.24309066010971808,22106,637,11,90
9,-0.6834986604586061,-0.7846143108257777,-0.05453406640514747,22106,521,12,90
10,-0.8486585664554348,-0.9742076974943095,0.298285098059965,22106,663,13,90
11,-0.6908999036704663,-0.793110481598126,-0.018359931572022255,22106,526,14,90
12,-0.8742960940763737,-1.003637998136132,0.3566526441512736,22106,689,15,90
13,-0.5305210187654091,-0.6087908458163418,-0.21637272170570732,22107,418,0,90
14,-0.7068034497472325,-0.8110809087241801,0.01877878932651706,22107,538,1,90
15,-0.5786885676489848,-0.664064740324749,-0.20335575312685397,22107,452,2,90
16,-0.7334976879325433,-0.8417134515800258,0.058511599079611204,22107,559,3,90
17,-0.612664506609359,-0.7030532815614856,-0.18126854560771757,22107,475,4,90
18,-0.7421809792339219,-0.8516778225829652,0.09883461227584438,22107,567,5,90
19,-0.7668502631876487,-0.8799866618421952,0.14331834784445344,22107,588,7,90
20,-0.6481710557895602,-0.7437982498904269,-0.12113812734471659,22107,497,8,90
21,-0.8020305979775033,-0.9203572881043909,0.19335299878972534,22107,618,9,90
22,-0.6570985036603681,-0.7540427988300679,-0.0875043657186488,22107,502,10,90
23,-0.8177458888217549,-0.9383911168631197,0.2419458061374588,22107,634,11,90
24,-0.6823234306349238,-0.7829892572837447,-0.054429394492661584,22107,520,12,90
25,-0.8552300070564642,-0.9814054126923283,0.30053460860340364,22107,668,13,90
26,-0.6936658391571352,-0.7960050554021693,-0.01842974119777139,22107,528,14,90
27,-0.8795480047952837,-1.0093111391165668,0.3587231965120938,22107,693,15,90
28,-0.5653503617178255,-0.639911980256199,-0.22879603587062833,22146,442,0,130
29,-0.7189278476441588,-0.813744137793474,0.018953313390889896,22146,543,1,130
30,-0.5831952721114836,-0.6601103788435861,-0.20335575312685397,22146,452,2,130
31,-0.7392100131593365,-0.8367012305585075,0.058511599079611204,22146,559,3,130
32,-0.7532375484052747,-0.8525787968698954,0.09953185821782563,22146,571,5,130
33,-0.7728223312331893,-0.8747465321557067,0.14331834784445344,22146,588,7,130
34,-0.6427042856684176,-0.7274677792927561,-0.11918821785023423,22146,489,8,130
35,-0.8108924250637282,-0.9178375263095208,0.19397873664988627,22146,620,9,130
36,-0.668811623540235,-0.7570183012487511,-0.08837592314612538,22146,507,10,130
37,-0.8267140509809051,-0.9357457981655255,0.242709042118965,22146,636,11,130
38,-0.6797029459103737,-0.7693460331074647,-0.053801363017746254,22146,514,12,130
39,-0.8554390827652956,-0.9682592503834018,0.298285098059965,22146,663,13,130
40,-0.7017159470559929,-0.7942622339420649,-0.018499550823520523,22146,530,14,130
41,-0.8863977390734235,-1.0033009102206922,0.3587231965120938,22146,693,15,130
42,-0.5795346234926869,-0.6557362536443988,-0.2344900548628838,22147,453,0,130
43,-0.7256911312842975,-0.8211105332472611,0.019127837455262732,22147,548,1,130
44,-0.5833104742237004,-0.6600085820132431,-0.20335575312685397,22147,452,2,130
45,-0.7274522694046303,-0.8231032392330009,0.057569551867238215,22147,550,3,130
46,-0.7560251713169328,-0.8554331241030436,0.09988048118881628,22147,573,5,130
47,-0.7742895748516548,-0.8760990706460274,0.14356208653126373,22147,589,7,130
48,-0.6441458262772681,-0.728843029909259,-0.11943195653704453,22147,490,8,130
49,-0.8045118587614425,-0.9102952108320015,0.19241439199948396,22147,615,9,130
50,-0.6649854910012812,-0.7524228526141954,-0.08785298868963944,22147,504,10,130
51,-0.8281774784701487,-0.9370725666255778,0.24309066010971808,22147,637,11,130
52,-0.6864504142200056,-0.7767101475671409,-0.0543247225801757,22147,519,12,130
53,-0.8530270430572257,-0.9651895413954727,0.29738529384258955,22147,661,13,130
54,-0.6939090379433794,-0.7851494879955563,-0.018290121946273122,22147,524,14,130
55,-0.88913148637399,-1.0060412721475878,0.3597584726925039,22147,695,15,130
56,-0.568514827361864,-0.6345107281807872,-0.2282783977804233,22186,441,0,170
57,-0.7285945543034029,-0.8131732699828957,0.019058027829513595,22186,546,1,170
58,-0.5903903007635329,-0.6589256104131509,-0.20425555734422943,22186,454,2,170
59,-0.7450332282149044,-0.8315202232229986,0.058511599079611204,22186,559,3,170
60,-0.7525235326556046,-0.8398800377717568,0.09866030079034906,22186,566,5,170
61,-0.7868583959392874,-0.8782006550284999,0.1447807799653152,22186,594,7,170
62,-0.6570400073836474,-0.7333123314716095,-0.12089438865790629,22186,496,8,170
63,-0.8054165801893655,-0.8989131614320227,0.19116291627916213,22186,611,9,170
64,-0.6647734387417,-0.7419434962648027,-0.08715574274765817,22186,500,10,170
65,-0.8345366942328822,-0.9314136765939582,0.24309066010971808,22186,637,11,170
66,-0.6970525551992754,-0.777969725841911,-0.05474341023011925,22186,523,12,170
67,-0.8582766486870743,-0.9579094776931267,0.2969353917339018,22186,660,13,170
68,-0.7019061090908241,-0.7833867033168556,-0.018359931572022255,22186,526,14,170
69,-0.893380442997215,-0.9970882871412373,0.3587231965120938,22186,693,15,170
70,-0.5686255617157856,-0.6344114939613013,-0.2282783977804233,22187,441,0,170
71,-0.7167243291208527,-0.7996442351693679,0.018743884513642492,22187,537,1,170
72,-0.5879039510688311,-0.6559202558145828,-0.20335575312685397,22187,452,2,170
73,-0.7465114005960771,-0.8328774589068096,0.05861627099209709,22187,560,3,170
74,-0.7486806903799722,-0.8352977200862107,0.09813736633386311,22187,563,5,170
75,-0.7870116588832048,-0.8780633089558753,0.1447807799653152,22187,594,7,170
76,-0.662467726332664,-0.7391105294241376,-0.12186934340514748,22187,500,8,170
77,-0.8187579661769664,-0.9134824381579082,0.19429160557996675,22187,621,9,170
78,-0.6609135046515918,-0.7373764953514151,-0.08663280829117222,22187,497,10,170
79,-0.8281474444724113,-0.9239582122946813,0.24118257015595262,22187,632,11,170
80,-0.6958552698413434,-0.7763607741952762,-0.054638738317633356,22187,522,12,170
81,-0.866247857105844,-0.966466571620602,0.2996348043860282,22187,666,13,170
82,-0.6980387786409794,-0.7787968994293843,-0.018255217133398553,22187,523,14,170
83,-0.8883968526579962,-0.9911780483885185,0.3566526441512736,22187,689,15,170
84,-0.5807256325453214,-0.6391049049368704,-0.23138422632165354,22226,447,0,210
85,-0.728874624711301,-0.8021470409275567,0.018918408578015328,22226,542,1,210
86,-0.5989076043375403,-0.6591146766820913,-0.2056052636702926,22226,457,2,210
87,-0.7535064288310008,-0.8292550346996687,0.05872094290458298,22226,561,3,210
88,-0.7610483631081085,-0.8375551456627142,0.09900892376133968,22226,568,5,210
89,-0.7849603684438196,-0.8638709806120815,0.14331834784445344,22226,588,7,210
90,-0.6728231729518455,-0.7404608405246413,-0.12284429815238866,22226,504,8,210
91,-0.8236283955856151,-0.9064262329129601,0.19397873664988627,22226,620,9,210
92,-0.6739565609918636,-0.7417081659653965,-0.08767867720414411,22226,503,10,210
93,-0.8330971143535598,-0.9168468244434863,0.24080095216519953,22226,631,11,210
94,-0.6970941828222629,-0.7671717700697469,-0.0543247225801757,22226,519,12,210
95,-0.8754273078719408,-0.9634323939248074,0.30053460860340364,22226,668,13,210
96,-0.7127371791457373,-0.7843873278442899,-0.018499550823520523,22226,530,14,210
97,-0.8977212798407542,-0.9879675376093456,0.3576879203316837,22226,691,15,210
98,-0.5795377565381912,-0.6375740013402766,-0.2308665882314485,22227,446,0,210
99,-0.7290146146786889,-0.8020198160904493,0.018918408578015328,22227,542,1,210
100,-0.5964010891784994,-0.6561260669237808,-0.20470545945291715,22227,455,2,210
101,-0.7455907095573278,-0.820255879261725,0.05809291142966765,22227,555,3,210
102,-0.761194532465526,-0.837422304909662,0.09900892376133968,22227,568,5,210
103,-0.628469442509667,-0.6914058189659568,-0.1479870039280584,22227,473,6,210
104,-0.7837759074057532,-0.8622650307096279,0.14307460915764314,22227,587,7,210
105,-0.8224578962230102,-0.9048207229173937,0.19366586771980582,22227,619,9,210
106,-0.6754261344412413,-0.7430648621029394,-0.08785298868963944,22227,504,10,210
107,-0.8345776558878287,-0.9181541832098494,0.24118257015595262,22227,632,11,210
108,-0.6945412555696187,-0.7640942154564175,-0.05411537875520392,22227,517,12,210
109,-0.8624877289658299,-0.9488592352436216,0.29603558751652637,22227,658,13,210
110,-0.7155641605333256,-0.7872224025094448,-0.018569360449269656,22227,532,14,210
111,-0.9030913470718451,-0.993528993119938,0.3597584726925039,22227,695,15,210
112,-0.5641205642281549,-0.6124030364716609,-0.22310201687837286,22265,431,0,249
113,-0.7410918879864379,-0.8045211454547421,0.019092932642388163,22265,547,1,249
114,-0.6033801466502893,-0.6550228043200824,-0.2056052636702926,22265,457,2,249
115,-0.7469548773051444,-0.8108859417221667,0.05777889569220999,22265,552,3,249
116,-0.7707813851237271,-0.8367517347137414,0.09953185821782563,22265,571,5,249
117,-0.6464246979391531,-0.7017514924488829,-0.151115693228863,22265,483,6,249
118,-0.794857129598534,-0.8628880962588321,0.1440495639048843,22265,591,7,249
119,-0.8244257017194997,-0.8949874106594449,0.19272726092956444,22265,616,9,249
120,-0.6803394362563195,-0.7385689567350713,-0.08785298868963944,22265,504,10,249
121,-0.8472993868996694,-0.9198188299479773,0.24309066010971808,22265,637,11,249
122,-0.7036531452874549,-0.7638780610426208,-0.054429394492661584,22265,520,12,249
123,-0.8714023999763476,-0.9459847939852394,0.2969353917339018,22265,660,13,249
124,-0.7099308031168071,-0.7706930168524404,-0.018290121946273122,22265,524,14,249
125,-0.9122784994594524,-0.9903594348509227,0.36079374887291393,22265,697,15,249
126,-0.5210267312559409,-0.5654227811460112,-0.20601995990160651,22266,398,0,249
127,-0.7371670327553383,-0.7999801331209022,0.01898821820376446,22266,544,1,249
128,-0.7511566987025374,-0.8151618413762572,0.05809291142966765,22266,555,3,249
129,-0.6013373320635564,-0.6525765499261448,-0.1724913318203965,22266,452,4,249
130,-0.7668770073821081,-0.8322216583124258,0.09900892376133968,22266,568,5,249
131,-0.6465471668336601,-0.7016386593677171,-0.151115693228863,22266,483,6,249
132,-0.7976981013297002,-0.8656689799417827,0.1445370412785049,22266,593,7,249
133,-0.8165502521087633,-0.8861274994085041,0.19085004734908165,22266,610,9,249
134,-0.6764179237648522,-0.7340546669269811,-0.08733005423315349,22266,501,10,249
135,-0.8527814819750877,-0.9254459480147318,0.24461713207273045,22266,641,11,249
136,-0.7024330209488593,-0.7622864786923919,-0.0543247225801757,22266,519,12,249
137,-0.8742086058092969,-0.9486988508381518,0.2978351959512773,22266,662,13,249
138,-0.7087102171526507,-0.7690985470996909,-0.018255217133398553,22266,523,14,249
139,-0.9019784367722193,-0.9788349150995018,0.3566526441512736,22266,689,15,249
140,-0.7357698819038229,-0.7876374329576167,0.018813694139391626,22305,539,1,33
141,-0.5839932729289063,-0.6251614447224232,-0.1975070257139135,22305,439,2,33
142,-0.7648682947267068,-0.8187871167686117,0.05872094290458298,22305,561,3,33
143,-0.7670836417371183,-0.8211586330202364,0.09831167781935841,22305,564,5,33
144,-0.804927094253786,-0.8616698315995468,0.1447807799653152,22305,594,7,33
145,-0.8306537511239062,-0.8892100700275335,0.19272726092956444,22305,616,9,33
146,-0.6841189216201604,-0.7323453766120193,-0.08767867720414411,22305,503,10,33
147,-0.853700233490124,-0.9138811970416774,0.24309066010971808,22305,637,11,33
148,-0.7116956325264544,-0.7618660872606333,-0.054638738317633356,22305,522,12,33
149,-0.8859670154228967,-0.9484226017884597,0.2996348043860282,22305,666,13,33
150,-0.7193891053122721,-0.7701019056932541,-0.01839483638489682,22305,527,14,33
151,-0.911257712182939,-0.9754961474223828,0.3576879203316837,22305,691,15,33
152,-0.7359073393618799,-0.7875090048921018,0.018813694139391626,22306,539,1,33
153,-0.7650111883869766,-0.8186536095975773,0.05872094290458298,22306,561,3,33
154,-0.7726682751526698,-0.8268476096526008,0.09900892376133968,22306,568,5,33
155,-0.7969453760753095,-0.8528270157091176,0.14331834784445344,22306,588,7,33
156,-0.8348550823164347,-0.8933949424586831,0.19366586771980582,22306,619,9,33
157,-0.6856070610509605,-0.7336816818044204,-0.08785298868963944,22306,504,10,33
158,-0.8525192837199752,-0.9122977538935821,0.242709042118965,22306,636,11,33
159,-0.7050103108664293,-0.7544454833546299,-0.05411537875520392,22306,517,12,33
160,-0.8848020035703457,-0.9468441311679554,0.29918490227734046,22306,665,13,33
161,-0.726350101188349,-0.7772816152181784,-0.018569360449269656,22306,532,14,33
162,-0.9167039484468524,-0.9809830336085879,0.3597584726925039,22306,695,15,33
163,-0.7467515861453295,-0.7882885515475546,0.018953313390889896,22345,543,1,73
164,-0.7595773605052099,-0.8018277408579046,0.05788356760469588,22345,553,3,73
165,-0.7810189224279294,-0.8244619583199997,0.09935754673233033,22345,570,5,73
166,-0.8013666882464915,-0.845941538868519,0.14307460915764314,22345,587,7,73
167,-0.8436338587827602,-0.8905597589810965,0.19429160557996675,22345,621,9,73
168,-0.6905851524625902,-0.7289979420934735,-0.08785298868963944,22345,504,10,73
169,-0.8641099875020061,-0.9121748424290134,0.24423551408197736,22345,640,11,73
170,-0.7046350559478709,-0.7438293509224323,-0.05369669110526037,22345,513,12,73
171,-0.8885460397715343,-0.9379701143862103,0.298285098059965,22345,663,13,73
172,-0.7261230892904861,-0.7665126247092242,-0.01842974119777139,22345,528,14,73
173,-0.9260171512388894,-0.9775255016548884,0.36079374887291393,22345,697,15,73
174,-0.7482646435548798,-0.7896096952134867,0.01898821820376446,22346,544,1,73
175,-0.7624649155940487,-0.8045945973779499,0.05809291142966765,22346,555,3,73
176,-0.7784218841615723,-0.8214332616067902,0.09900892376133968,22346,568,5,73
177,-0.8110724131018467,-0.8558878819435299,0.1447807799653152,22346,594,7,73
178,-0.8397130012275045,-0.8861109938537708,0.19335299878972534,22346,618,9,73
179,-0.694823759278023,-0.7332159571032439,-0.08837592314612538,22346,507,10,73
180,-0.8710212818436205,-0.9191492004934736,0.2461436040357428,22346,645,11,73
181,-0.7130077318798401,-0.7524046775480288,-0.0543247225801757,22346,519,12,73
182,-0.887369295902313,-0.9364005172694522,0.2978351959512773,22346,662,13,73
183,-0.7180039410581749,-0.7576769501864705,-0.018220312320523988,22346,522,14,73
184,-0.9261877475192363,-0.9773638662849536,0.36079374887291393,22346,697,15,73
185,-0.7563926394174691,-0.7873823509644626,0.019058027829513595,22385,546,1,113
186,-0.7734584984401621,-0.8051474051152602,0.058511599079611204,22385,559,3,113
187,-0.7839951268631665,-0.8161157234549701,0.09900892376133968,22385,568,5,113
188,-0.8168794227694296,-0.8503473022292234,0.1447807799653152,22385,594,7,113
189,-0.837514145023415,-0.8718274373774906,0.19147578520924258,22385,612,9,113
190,-0.8731772380751588,-0.9089516617371729,0.24499875006348354,22385,642,11,113
191,-0.7208799243064836,-0.7504146655904302,-0.05453406640514747,22385,521,12,113
192,-0.8977726682266777,-0.9345547765831869,0.29918490227734046,22385,665,13,113
193,-0.725915280320062,-0.7556563221710227,-0.018290121946273122,22385,524,14,113
194,-0.9221122711438005,-0.9598915828498173,0.3566526441512736,22385,689,15,113
195,-0.7454453626340201,-0.77571552027716,0.01877878932651706,22386,538,1,113
196,-0.773599011390834,-0.8050123988785959,0.058511599079611204,22386,559,3,113
197,-0.778615458535425,-0.8102325479354756,0.09831167781935841,22386,564,5,113
198,-0.8197787593630893,-0.8530673590677483,0.14526825733893578,22386,596,7,113
199,-0.8445099737390586,-0.8788028291482828,0.1930401298596449,22386,617,9,113
200,-0.8706151942853503,-0.9059680994055995,0.24423551408197736,22386,640,11,113
201,-0.721010885392888,-0.7502888368796929,-0.05453406640514747,22386,521,12,113
202,-0.8992860444769679,-0.9358031813418437,0.2996348043860282,22386,666,13,113
203,-0.728818328523224,-0.7584133153639147,-0.018359931572022255,22386,526,14,113
204,-0.9276340991588607,-0.9653023600726744,0.3587231965120938,22386,693,15,113
205,-0.7548942859787575,-0.7749206606370576,0.01888350376514076,22425,541,1,153
206,-0.7818479300645581,-0.8025893502396868,0.05872094290458298,22425,561,3,153
207,-0.7868929971277561,-0.8077682564444182,0.09866030079034906,22425,566,5,153
208,-0.8158701194989718,-0.8375141046093032,0.14356208653126373,22425,589,7,153
209,-0.8546073816915423,-0.8772790165540497,0.19397873664988627,22425,620,9,153
210,-0.868542066170957,-0.8915833702935358,0.2419458061374588,22425,634,11,153
211,-0.719132855460449,-0.7382105253541503,-0.05401070684271803,22425,516,12,153
212,-0.9042751602980676,-0.9282644174572257,0.29918490227734046,22425,665,13,153
213,-0.7395452339533115,-0.7591644179993357,-0.018499550823520523,22425,530,14,153
214,-0.9341831635278964,-0.9589658415528458,0.3587231965120938,22425,693,15,153
215,-0.7578207603363939,-0.7776531791966629,0.018953313390889896,22426,543,1,153
216,-0.7722305704423349,-0.7924400987784529,0.05798823951718177,22426,554,3,153
217,-0.7912055254292134,-0.8119116345860884,0.099183235246835,22426,569,5,153
218,-0.8146308542355409,-0.8359500119616058,0.14331834784445344,22426,588,7,153
219,-0.8506245449275802,-0.8728856693923428,0.1930401298596449,22426,617,9,153
220,-0.8714380347737251,-0.8942438551219699,0.242709042118965,22426,636,11,153
221,-0.71786776855199,-0.7366546044601141,-0.05390603493023215,22426,515,12,153
222,-0.8976368798357887,-0.9211283325869986,0.2969353917339018,22426,660,13,153
223,-0.7368864851889795,-0.7561710471746554,-0.01842974119777139,22426,528,14,153
224,-0.9410918661582351,-0.9657205502119122,0.361311386963119,22426,698,15,153
225,-0.7659071494564272,-0.7753221002926618,0.01902312301663903,22465,545,1,193
226,-0.7818174740047487,-0.7914280032782876,0.05830225525463943,22465,557,3,193
227,-0.7981138605807752,-0.8079247139778458,0.09935754673233033,22465,570,5,193
228,-0.825882355928693,-0.8360345549035957,0.1442933025916946,22465,592,7,193
229,-0.8523816067260128,-0.8628595490284596,0.1921015230694035,22465,614,9,193
230,-0.887162795689658,-0.8980682874468278,0.24538036805423663,22465,643,11,193
231,-0.7256725925681419,-0.7345929581595595,-0.05411537875520392,22465,517,12,193
232,-0.9079945309151687,-0.9191560977894344,0.298285098059965,22465,663,13,193
233,-0.7406111335110773,-0.7497151318426288,-0.01839483638489682,22465,527,14,193
234,-0.9503587760605089,-0.9620411074759343,0.3623466631435291,22465,700,15,193
235,-0.7618257095545833,-0.7709213202905539,0.018918408578015328,22466,542,1,193
236,-0.7847633323491878,-0.7941328005902698,0.058511599079611204,22466,559,3,193
237,-0.7940535165304572,-0.8035339023973406,0.09883461227584438,22466,567,5,193
238,-0.827423576910387,-0.837302375531848,0.1445370412785049,22466,593,7,193
239,-0.8497552133225461,-0.8599006344396183,0.19147578520924258,22466,612,9,193
240,-0.8831796201921857,-0.8937241029189595,0.24423551408197736,22466,640,11,193
241,-0.7314162721894933,-0.7401488177236681,-0.05453406640514747,22466,521,12,193
242,-0.9108944723348921,-0.9217698489965036,0.29918490227734046,22466,665,13,193
243,-0.7337140597555212,-0.7424740390990205,-0.018220312320523988,22466,522,14,193
244,-0.9410214027391788,-0.9522564716876092,0.3587231965120938,22466,693,15,193
245,-0.7640918908646028,-0.7630257614474708,0.018848598952266194,22504,540,1,232
246,-0.7871864003062388,-0.7860880473618264,0.05830225525463943,22504,557,3,232
247,-0.7965456217412187,-0.7954342099731064,0.09848598930485374,22504,565,5,232
248,-0.8343631899109549,-0.8331990116858339,0.1447807799653152,22504,594,7,232
249,-0.8624284448625866,-0.8612251074810068,0.1930401298596449,22504,617,9,232
250,-0.8821415588953787,-0.8809107160121374,0.2423274241282119,22504,635,11,232
251,-0.7348957417580684,-0.7338703494221718,-0.054429394492661584,22504,520,12,232
252,-0.9197456611465101,-0.9184623496530216,0.3000847064947159,22504,667,13,232
253,-0.7456970860845291,-0.7446566227459576,-0.01839483638489682,22504,527,14,232
254,-0.9459492856257208,-0.944629412489285,0.3582055584218887,22504,692,15,232
255,-0.7698859786579515,-0.7685434453792023,0.01898821820376446,22505,544,1,232
256,-0.7958046305827992,-0.7944169001531547,0.058930286729554755,22505,563,3,232
257,-0.8023246828843109,-0.8009255827357256,0.099183235246835,22505,569,5,232
258,-0.8260792180865287,-0.8246386945909617,0.14331834784445344,22505,588,7,232
259,-0.8653747851726716,-0.8638657377554033,0.19366586771980582,22505,619,9,232
260,-0.8753480863484084,-0.8738216474094102,0.24041933417444644,22505,630,11,232
261,-0.7279562784194343,-0.7266868624846797,-0.05390603493023215,22505,515,12,232
262,-0.9212851183966568,-0.9196785740966553,0.30053460860340364,22505,668,13,232
263,-0.7543184312953827,-0.7530030448292551,-0.018604265262144225,22505,533,14,232
264,-0.9461141401518439,-0.9444642988066836,0.3582055584218887,22505,692,15,232
265,-0.769267901363387,-0.7578071167846783,0.018848598952266194,22543,540,1,15
266,-0.7925188545845778,-0.7807116703112433,0.05830225525463943,22543,557,3,15
267,-0.8076189378000181,-0.7955867879450625,0.099183235246835,22543,569,5,15
268,-0.832944387764309,-0.8205349317382714,0.14356208653126373,22543,589,7,15
269,-0.8724923309595699,-0.8594936777803839,0.19397873664988627,22543,620,9,15
270,-0.893711685228027,-0.8803968997264873,0.24385389609122426,22543,639,11,15
271,-0.7341826372812246,-0.7232445635199309,-0.05401070684271803,22543,516,12,15
272,-0.923199540911604,-0.9094454364665876,0.29918490227734046,22543,665,13,15
273,-0.7535976292985772,-0.7423703051464718,-0.018464646010645958,22543,529,14,15
274,-0.9578621654740013,-0.9435916468222589,0.3602761107827089,22543,696,15,15
275,-0.7779490425160235,-0.7660914298069467,0.019058027829513595,22544,546,1,15
276,-0.7926551024046901,-0.7805733377870611,0.05830225525463943,22544,557,3,15
277,-0.8247930950836259,-0.8122214784967708,0.10127497307277879,22544,581,5,15
278,-0.8444028667352628,-0.8315323551503413,0.14551199602574608,22544,597,7,15
279,-0.8656048894898298,-0.8524112135834259,0.19241439199948396,22544,615,9,15
280,-0.8952641801429583,-0.8816184330049306,0.24423551408197736,22544,640,11,15
281,-0.7371550144445771,-0.7259191902579849,-0.054220050667689805,22544,518,12,15
282,-0.9178042204053268,-0.9038149146879174,0.29738529384258955,22544,661,13,15
283,-0.7480279254961765,-0.7366263748143718,-0.018325026759147687,22544,525,14,15
284,-0.9580268386944033,-0.9434244539657076,0.3602761107827089,22544,696,15,15
285,-0.7831455991805806,-0.7607783922137504,0.019058027829513595,22583,546,1,55
286,-0.8008150630190325,-0.777943203334903,0.058511599079611204,22583,559,3,55
287,-0.8202989160940432,-0.7968705834185617,0.10005479267431158,22583,574,5,55
288,-0.8429240319252764,-0.8188495095132055,0.1442933025916946,22583,592,7,55
289,-0.8699700817224759,-0.8451231044896385,0.1921015230694035,22583,614,9,55
290,-0.9026525747158471,-0.8768721617518511,0.24461713207273045,22583,641,11,55
291,-0.7463768297547689,-0.725059765541117,-0.05453406640514747,22583,521,12,55
292,-0.9295261185087783,-0.9029781776207569,0.29918490227734046,22583,665,13,55
293,-0.7501559493982485,-0.7287309507835009,-0.018255217133398553,22583,523,14,55
294,-0.958883602168825,-0.931497190230546,0.3582055584218887,22583,692,15,55
295,-0.77180176200369,-0.7494967626610738,0.01877878932651706,22584,538,1,55
296,-0.8066821393490096,-0.783369100336028,0.058930286729554755,22584,563,3,55
297,-0.8147206458875225,-0.791175294781094,0.09935754673233033,22584,570,5,55
298,-0.8459151343919743,-0.821468265460841,0.1447807799653152,22584,594,7,55
299,-0.8772032182453462,-0.8518521265926043,0.19366586771980582,22584,619,9,55
300,-0.8957634386322499,-0.869875958331659,0.242709042118965,22584,636,11,55
301,-0.7522346770128417,-0.7304951646117489,-0.05495275405509102,22584,525,12,55
302,-0.9352757862019287,-0.9082464027210718,0.30098451071209137,22584,669,13,55
303,-0.7560214285798227,-0.7341724794096391,-0.01839483638489682,22584,527,14,55
304,-0.956274354768826,-0.9286381146038581,0.3571702822414787,22584,690,15,55
305,-0.7768855056326136,-0.7442259523890503,0.01877878932651706,22623,538,1,95
306,-0.8076688375016013,-0.7737151812545706,0.05861627099209709,22623,560,3,95
307,-0.8215258391134992,-0.7869896472435759,0.09953185821782563,22623,571,5,95
308,-0.8457531322616041,-0.810198447235635,0.143805825218074,22623,590,7,95
309,-0.8858341536502998,-0.8485944992915144,0.19429160557996675,22623,621,9,95
310,-0.8988282789840297,-0.8610423635287074,0.2419458061374588,22623,634,11,95
311,-0.7398823457827168,-0.7087783713992762,-0.05369669110526037,22623,513,12,95
312,-0.9414363089598022,-0.9018591910512125,0.30098451071209137,22623,669,13,95
313,-0.7696653801155818,-0.7373093543185201,-0.018604265262144225,22623,533,14,95
314,-0.9681533264267829,-0.9274530496380934,0.35924083460229883,22623,694,15,95
315,-0.7827924517967113,-0.7496226192071372,0.018918408578015328,22624,542,1,95
316,-0.8034763432734147,-0.7694300571411316,0.05830225525463943,22624,557,3,95
317,-0.8245411618279188,-0.7896022808534411,0.09988048118881628,22624,573,5,95
318,-0.8401596475440847,-0.8045589531408766,0.14283087047083284,22624,586,7,95
319,-0.887408950330284,-0.849806126933886,0.1946044745100472,22624,622,9,95
320,-0.9003964927684627,-0.8622433388119838,0.2423274241282119,22624,635,11,95
321,-0.7400060396755147,-0.708649226774507,-0.05369669110526037,22624,513,12,95
322,-0.93314891220703,-0.8936079162150445,0.298285098059965,22624,663,13,95
323,-0.7669055201181804,-0.7344088760128966,-0.01853445563639509,22624,531,14,95
324,-0.9711057164418174,-0.929956349240818,0.3602761107827089,22624,696,15,95
325,-0.7967300075776133,-0.7523771799168696,0.019127837455262732,22664,548,1,136
326,-0.8073762390937363,-0.76243075084888,0.05819758334215354,22664,556,3,136
327,-0.8314820624175676,-0.7851946372338066,0.10005479267431158,22664,574,5,136
328,-0.8544156267618529,-0.8068515226312285,0.1442933025916946,22664,592,7,136
329,-0.8890114250063761,-0.8395214219354187,0.19366586771980582,22664,619,9,136
330,-0.9135310573147706,-0.8626760811466085,0.24423551408197736,22664,640,11,136
331,-0.7507437331141397,-0.7089508960231492,-0.05411537875520392,22664,517,12,136
332,-0.9393646814936942,-0.8870715841675958,0.298285098059965,22664,663,13,136
333,-0.7661983831996391,-0.7235452076937778,-0.01839483638489682,22664,527,14,136
334,-0.9775743186203129,-0.9231541450772547,0.3602761107827089,22664,696,15,136
335,-0.7968613100321189,-0.752238112839399,0.019127837455262732,22665,548,1,136
336,-0.8104140057633016,-0.7650318752323813,0.05840692716712532,22665,558,3,136
337,-0.8229262095740626,-0.7768434118995202,0.09900892376133968,22665,568,5,136
338,-0.8588869583833338,-0.8107904055356997,0.14502451865212548,22665,595,7,136
339,-0.8848486079585899,-0.8352982364930104,0.19272726092956444,22665,616,9,136
340,-0.9208197463486688,-0.8692550379069819,0.2461436040357428,22665,645,11,136
341,-0.7595815860469655,-0.7170460049221064,-0.05474341023011925,22665,523,12,136
342,-0.9480219292110166,-0.8949339339003888,0.30098451071209137,22665,669,13,136
343,-0.7692329069470636,-0.7261568644015366,-0.018464646010645958,22665,529,14,136
344,-0.9721162554170797,-0.9176790091690766,0.3582055584218887,22665,692,15,136
345,-0.7899987179874661,-0.7361703307629945,0.018848598952266194,22702,540,1,174
346,-0.821182146567851,-0.7652290044160704,0.05882561481706887,22702,562,3,174
347,-0.8308408829134807,-0.7742296204530544,0.09935754673233033,22702,570,5,174
348,-0.865557146424825,-0.806580411169663,0.14526825733893578,22702,596,7,174
349,-0.8960049180400675,-0.8349535535439837,0.19397873664988627,22702,620,9,174
350,-0.9163598069720208,-0.853921515107078,0.24347227810047117,22702,638,11,174
351,-0.761273840501513,-0.7094026891472823,-0.05453406640514747,22702,521,12,174
352,-0.9537813530294276,-0.8887932576953753,0.30098451071209137,22702,669,13,174
353,-0.7768320726876751,-0.723900825250278,-0.01853445563639509,22702,531,14,174
354,-0.9808487104555748,-0.9140163182087508,0.35924083460229883,22702,694,15,174
355,-0.7930535889228133,-0.7387584848335217,0.018918408578015328,22703,542,1,174
356,-0.8256999391811201,-0.7691697566429461,0.059139630554526534,22703,565,3,174
357,-0.8295181461892913,-0.7727265564147857,0.099183235246835,22703,569,5,174
358,-0.8584353417365419,-0.7996639839310501,0.1440495639048843,22703,591,7,174
359,-0.9062684609864807,-0.8442222876768833,0.1961688191604495,22703,627,9,174
360,-0.9150722962172466,-0.8524233828697552,0.24309066010971808,22703,637,11,174
361,-0.7555519797462638,-0.703824361388324,-0.05411537875520392,22703,517,12,174
362,-0.953936462188882,-0.8886267779095806,0.30098451071209137,22703,669,13,174
363,-0.7740320083766941,-0.7210391853817951,-0.018464646010645958,22703,529,14,174
364,-0.978181108427145,-0.9112115544877081,0.3582055584218887,22703,692,15,174
365,-0.7951188629786624,-0.7306372041259984,0.018848598952266194,22742,540,1,214
366,-0.8206218042268877,-0.7540719364134312,0.05840692716712532,22742,558,3,214
367,-0.8406269224938937,-0.7724547020090796,0.09988048118881628,22742,573,5,214
368,-0.8623968636132708,-0.7924591688303833,0.143805825218074,22742,590,7,214
369,-0.9076302537786778,-0.8340242721908858,0.19523021237020813,22742,624,9,214
370,-0.9251901434993477,-0.8501601096456883,0.24423551408197736,22742,640,11,214
371,-0.7603252200453421,-0.6986652170712256,-0.05411537875520392,22742,517,12,214
372,-0.9513534734374246,-0.8742016751607747,0.298285098059965,22742,663,13,214
373,-0.7848117666067167,-0.7211659811095503,-0.018604265262144225,22742,533,14,214
374,-0.9957407141050002,-0.9149892491075591,0.3623466631435291,22742,700,15,214
375,-0.8040824419063377,-0.7386150676727294,0.019058027829513595,22743,546,1,214
376,-0.81781163364197,-0.7512264460021261,0.05819758334215354,22743,556,3,214
377,-0.8422290264238974,-0.7736558055827892,0.10005479267431158,22743,574,5,214
378,-0.8742305527037656,-0.8030518081155604,0.14575573471255637,22743,598,7,214
379,-0.8990471911436039,-0.8258479072782205,0.19335299878972534,22743,618,9,214
380,-0.9296760346051766,-0.8539829890895732,0.24538036805423663,22743,643,11,214
381,-0.7707433381805615,-0.7079903915559606,-0.054848082142605135,22743,524,12,214
382,-0.9472005787461694,-0.8700807070374311,0.2969353917339018,22743,660,13,214
383,-0.7790469080008289,-0.7156178952360327,-0.018464646010645958,22743,529,14,214
384,-0.9930549649892546,-0.9122016872166911,0.361311386963119,22743,698,15,214
385,-0.8090913689426472,-0.7331247835653647,0.019058027829513595,22782,546,1,254
386,-0.8258661787238708,-0.7483245857907688,0.05840692716712532,22782,558,3,254
387,-0.8386169528653848,-0.7598781740400224,0.09900892376133968,22782,568,5,254
388,-0.8767343965432456,-0.7944167239727897,0.14526825733893578,22782,596,7,254
389,-0.9061115199508517,-0.8210355930729752,0.19366586771980582,22782,619,9,254
390,-0.9354673305992823,-0.8476351504952002,0.24538036805423663,22782,643,11,254
391,-0.7651842551975648,-0.6933401628204793,-0.05411537875520392,22782,517,12,254
392,-0.9603215040461427,-0.8701557349784307,0.29918490227734046,22782,665,13,254
393,-0.7809361747853023,-0.707613115272797,-0.01839483638489682,22782,527,14,254
394,-0.9935147619235518,-0.9002324369818233,0.35924083460229883,22782,694,15,254
395,-0.8003267911303946,-0.7249287949284828,0.018848598952266194,22783,540,1,254
396,-0.8333981782032841,-0.7548845593025597,0.058930286729554755,22783,563,3,254
397,-0.8431795791543926,-0.7637444641349148,0.09953185821782563,22783,571,5,254
398,-0.879815562027077,-0.7969290072606098,0.14575573471255637,22783,598,7,254
399,-0.9121110546451445,-0.8261819734298042,0.19491734344012765,22783,623,9,254
400,-0.9268847876355464,-0.8395638876328767,0.24309066010971808,22783,637,11,254
401,-0.9676949644570095,-0.8765293780198922,0.3014344128207791,22783,670,13,254
402,-0.7840238379777384,-0.7101617268836433,-0.018464646010645958,22783,529,14,254
403,-0.9936718669912452,-0.9000590222337518,0.35924083460229883,22783,694,15,254
404,-0.8083510495472054,-0.7219880016404753,0.018918408578015328,22823,542,1,39
405,-0.8386479144809589,-0.7490479936844575,0.058930286729554755,22823,563,3,39
406,-0.8484909303680758,-0.7578393961010631,0.09953185821782563,22823,571,5,39
407,-0.8764745028522223,-0.7828332444889725,0.1442933025916946,22823,592,7,39
408,-0.9208031887561576,-0.8224259182030204,0.19554308130028858,22823,625,9,39
409,-0.9356519020999191,-0.8356882166561488,0.24385389609122426,22823,639,11,39
410,-0.9665235676663676,-0.86326159847104,0.29918490227734046,22823,665,13,39
411,-0.79492824614144,-0.7099992709859286,-0.018604265262144225,22823,533,14,39
412,-1.002812844330919,-0.8956737817108513,0.3602761107827089,22823,696,15,39
413,-0.8114603580524595,-0.7245105484938233,0.01898821820376446,22824,544,1,39
414,-0.8328192843723359,-0.743580817632285,0.058511599079611204,22824,559,3,39
415,-0.853081801055742,-0.7616721599024033,0.10005479267431158,22824,574,5,39
416,-0.8751303576516796,-0.7813581638757324,0.1440495639048843,22824,591,7,39
417,-0.9224202298762697,-0.8235808195158317,0.19585595023036906,22824,626,9,39
418,-0.9357977429573934,-0.8355249018652761,0.24385389609122426,22824,639,11,39
419,-0.9724888022941444,-0.8682844313494882,0.30098451071209137,22824,669,13,39
420,-1.0130564870631553,-0.9045051970978756,0.3638995774141442,22824,703,15,39
421,-0.8192485223991326,-0.7217566418967598,0.019058027829513595,22862,546,1,78
422,-0.8347352923232115,-0.7354004615053661,0.05830225525463943,22862,557,3,78
423,-0.862599522532513,-0.7599488038887114,0.10057772713079752,22862,577,5,78
424,-0.8832722319689035,-0.778161427938398,0.1445370412785049,22862,593,7,78
425,-0.9189688506717697,-0.8096100920953992,0.19397873664988627,22862,620,9,78
426,-0.9442647559399928,-0.83189574430099,0.24461713207273045,22862,641,11,78
427,-0.9723771670510596,-0.8566627336630526,0.29918490227734046,22862,665,13,78
428,-1.013234871582688,-0.8926583062055577,0.36182902505332404,22862,699,15,78
429,-0.837861346215849,-0.7378948145166169,0.058511599079611204,22863,559,3,78
430,-0.8582465364061491,-0.7558478161705234,0.10005479267431158,22863,574,5,78
431,-0.8908566676504075,-0.7845671822739044,0.14575573471255637,22863,598,7,78
432,-0.9161452688717042,-0.8068385614130086,0.19335299878972534,22863,618,9,78
433,-0.9532499653455255,-0.8395162392243828,0.246906840017249,22863,647,11,78
434,-0.9754515603278313,-0.8590689276082448,0.3000847064947159,22863,667,13,78
435,-1.0075915662636756,-0.8873742597800944,0.3597584726925039,22863,695,15,78
436,-0.8535486189026169,-0.7411942173240645,0.05924430246701242,22903,566,3,119
437,-0.8665111110293099,-0.7524504293237582,0.10040341564530222,22903,576,5,119
438,-0.8963122258225146,-0.7783287606400602,0.14575573471255637,22903,598,7,119
439,-0.9217556930734027,-0.8004230507336677,0.19335299878972534,22903,618,9,119
440,-0.9487110891688937,-0.8238302512951826,0.24423551408197736,22903,640,11,119
441,-0.9887821833517034,-0.8586267029938938,0.3023342170381546,22903,672,13,119
442,-1.013762002657191,-0.8803183760972156,0.3597584726925039,22903,695,15,119
443,-0.8566944986212849,-0.7436637680932244,0.05945364629198419,22904,568,3,119
444,-0.8681470127491814,-0.7536052581158624,0.10057772713079752,22904,577,5,119
445,-0.8934499021315723,-0.7755697298056394,0.14526825733893578,22904,596,7,119
446,-0.9308458197848478,-0.8080316973776206,0.19523021237020813,22904,624,9,119
447,-0.9473722745029973,-0.8223776813995796,0.24385389609122426,22904,639,11,119
448,-0.9918752770011793,-0.8610090378312151,0.30323402125553006,22904,674,13,119
449,-1.0197511174076215,-0.8852069900169502,0.36182902505332404,22904,699,15,119
450,-0.8479555497703889,-0.7262725234970304,0.058511599079611204,22942,559,3,158
451,-0.8761524152511954,-0.7504230920651551,0.10092635010178815,22942,579,5,158
452,-0.8925432898467885,-0.764461849000101,0.1442933025916946,22942,592,7,158
453,-0.9361843772885557,-0.80184036809001,0.19523021237020813,22942,624,9,158
454,-0.9617521455940069,-0.8237391192832956,0.2461436040357428,22942,645,11,158
455,-0.9857233282580445,-0.844270397519912,0.2996348043860282,22942,666,13,158
456,-1.0285340383338166,-0.8809376997716043,0.3628643012337341,22942,701,15,158
457,-0.8450480116184668,-0.7235265752492431,0.05830225525463943,22943,557,3,158
458,-0.8793102610234772,-0.7528617699736998,0.10127497307277879,22943,581,5,158
459,-0.9002161991701384,-0.7707613468281042,0.14551199602574608,22943,597,7,158
460,-0.9333232711169607,-0.7991074834414987,0.1946044745100472,22943,622,9,158
461,-0.9693524579115955,-0.8299555225731582,0.24805169398950824,22943,650,11,158
462,-0.9888312387972602,-0.8466331733462108,0.30053460860340364,22943,668,13,158
463,-1.0286877753012273,-0.8807581733006888,0.3628643012337341,22943,701,15,158
464,-0.8754100433415097,-0.7389934929998633,0.1002291041598069,22983,575,5,199
465,-0.9101257760062176,-0.7682994173938944,0.14624321208617697,22983,600,7,199
466,-0.9328414950059936,-0.7874753094884965,0.19335299878972534,22983,618,9,199
467,-0.9706224034562562,-0.8193687584119238,0.246906840017249,22983,647,11,199
468,-0.9932286098718808,-0.8384522034439124,0.3000847064947159,22983,667,13,199
469,-1.0289067357407713,-0.8685705497663961,0.36079374887291393,22983,697,15,199
470,-0.8740163321667583,-0.7375557535323467,0.10005479267431158,22984,574,5,199
471,-0.9132940552072362,-0.7707010273081086,0.14673068945979756,22984,602,7,199
472,-0.9405272943151918,-0.7936823280597775,0.19491734344012765,22984,623,9,199
473,-0.9632633445284802,-0.8128685881218053,0.24499875006348354,22984,642,11,199
474,-1.0052894741752594,-0.8483331584952618,0.3036839233642178,22984,675,13,199
475,-1.02610549266602,-0.8658991622854141,0.3597584726925039,22984,695,15,199
476,-0.885141978668435,-0.7366876572290246,0.10075203861629284,23023,578,5,239
477,-0.9093641798019686,-0.7568473570693113,0.14526825733893578,23023,596,7,239
478,-0.9489445109532146,-0.7897893507052078,0.19554308130028858,23023,625,9,239
479,-0.9657560201846769,-0.8037812657297796,0.24423551408197736,23023,640,11,239
480,-1.0050492101472048,-0.836484276948495,0.3018843149294669,23023,671,13,239
481,-1.040884807392013,-0.8663095962937539,0.3628643012337341,23023,701,15,239
482,-0.8868021513713574,-0.7378074384134816,0.10092635010178815,23024,579,5,239
483,-0.907970260296575,-0.7554190197543936,0.14502451865212548,23024,595,7,239
484,-0.9460452772545495,-0.7870969207223506,0.19491734344012765,23024,623,9,239
485,-0.9719331435937514,-0.8086352766230217,0.24576198604498972,23024,644,11,239
486,-1.0051951888864281,-0.836308850030385,0.3018843149294669,23024,671,13,239
487,-1.0380658456046465,-0.8636567934185847,0.36182902505332404,23024,699,15,239
488,-0.902456128695774,-0.7407584100678148,0.10214653050025536,23062,586,5,22
489,-0.9129603829753108,-0.7493805629366783,0.14502451865212548,23062,595,7,22
490,-0.9466640244170431,-0.7770453491285062,0.19397873664988627,23062,620,9,22
491,-0.9954848899620685,-0.8171187284201206,0.2503414019340268,23062,656,11,22
492,-1.010719651005903,-0.8296237987606626,0.3018843149294669,23062,671,13,22
493,-1.0527303692876842,-0.8641072399947459,0.36493485359455424,23062,705,15,22
494,-0.9238334096000395,-0.7580355770525666,0.14673068945979756,23063,602,7,22
495,-0.9467996299956329,-0.7768801132529051,0.19397873664988627,23063,620,9,22
496,-0.989556589598459,-0.8119635993108228,0.24881492997101443,23063,652,11,22
497,-1.012370936649454,-0.8306835184565979,0.3023342170381546,23063,672,13,22
498,-1.0439204776221604,-0.8565709503771897,0.36182902505332404,23063,699,15,22
499,-0.9258854677783551,-0.7492322893973364,0.14624321208617697,23102,600,7,62
500,-0.9566724802961655,-0.7741453317499413,0.19491734344012765,23102,623,9,62
501,-0.9767464870584877,-0.7903893430961834,0.24423551408197736,23102,640,11,62
502,-1.0225463742390608,-0.8274508971659087,0.3036839233642178,23102,675,13,62
503,-1.0497267425797066,-0.8494454205786035,0.36182902505332404,23102,699,15,62
504,-0.9229294986475094,-0.7465737782193126,0.14575573471255637,23103,598,7,62
505,-0.9644866131177358,-0.7801900533599327,0.19648168809052996,23103,628,9,62
506,-0.9784108030532246,-0.7914535736006608,0.24461713207273045,23103,641,11,62
507,-1.0287511658738322,-0.8321747716152297,0.3054835317989687,23103,679,13,62
508,-1.0498749827847527,-0.8492621957626966,0.36182902505332404,23103,699,15,62
509,-0.9248862003036173,-0.7377985157870988,0.14526825733893578,23142,596,7,102
510,-0.9697748139860802,-0.773606977995519,0.19648168809052996,23142,628,9,102
511,-0.9945186056536856,-0.7933455498990802,0.2472884580080021,23142,648,11,102
512,-1.0145874641940884,-0.8093548427610451,0.2996348043860282,23142,666,13,102
513,-1.06469257446917,-0.8493245990209705,0.36493485359455424,23142,705,15,102
514,-0.9281190333840384,-0.7401123736762416,0.14575573471255637,23143,598,7,102
515,-0.9590987223939492,-0.7648165876231067,0.19429160557996675,23143,621,9,102
516,-0.9977269846085267,-0.7956200231850078,0.24805169398950824,23143,650,11,102
517,-1.0162523244869432,-0.8103927331256525,0.3000847064947159,23143,667,13,102
518,-1.0708824432503314,-0.8539565707562251,0.3670054059553744,23143,709,15,102
519,-0.9378165594031155,-0.7374589304920887,0.14648695077298726,23182,601,7,142
520,-0.9658351947268448,-0.7594915898992078,0.1946044745100472,23182,622,9,142
521,-0.998489661045192,-0.7851696690133633,0.246906840017249,23182,647,11,142
522,-1.026340461987209,-0.8070703506233362,0.3014344128207791,23182,670,13,142
523,-1.0705959847653863,-0.8418710055799249,0.36493485359455424,23182,705,15,142
524,-0.9395058970079824,-0.7385220201577463,0.14673068945979756,23183,602,7,142
525,-0.96596773630451,-0.7593230082905491,0.1946044745100472,23183,622,9,142
526,-1.0017136287224655,-0.7874219577116464,0.24767007599875515,23183,649,11,142
527,-1.0387377999179417,-0.816525730016885,0.30503362969028097,23183,678,13,142
528,-1.0646677656313628,-0.83690862566691,0.3628643012337341,23183,701,15,142
529,-0.931959411559703,-0.7223809112635291,0.1447807799653152,23222,594,7,182
530,-0.9804815243637297,-0.759991399047695,0.19648168809052996,23222,628,9,182
531,-1.0023951071815727,-0.7769770678747414,0.2465252220264959,23222,646,11,182
532,-1.0427313842636299,-0.8082425459997489,0.30458372758159324,23222,677,13,182
533,-1.0733934647570984,-0.8320093553407676,0.3638995774141442,23222,703,15,182
534,-0.9383621464942763,-0.7270816651690901,0.14575573471255637,23223,598,7,182
535,-0.9837371279608704,-0.7622400709136138,0.1971074259506909,23223,630,9,182
536,-1.0056345102107023,-0.7792070651690123,0.2472884580080021,23223,648,11,182
537,-1.0320894096342843,-0.7997054115661258,0.3014344128207791,23223,670,13,182
538,-1.0827011535659534,-0.8389214766987938,0.3670054059553744,23223,709,15,182
539,-0.9524997546993964,-0.728241051199256,0.14721816683341815,23260,604,7,220
540,-0.9792233047598264,-0.7486727479968319,0.19523021237020813,23260,624,9,220
541,-1.0168839583253586,-0.777466491833616,0.24881492997101443,23260,652,11,220
542,-1.044972664124535,-0.798941929005224,0.3036839233642178,23260,675,13,220
543,-1.0911654414321557,-0.834258974010586,0.36804068213578445,23260,711,15,220
544,-0.9510496454736037,-0.7268693756896835,0.14697442814660786,23261,603,7,220
545,-0.9777844803928465,-0.7473023077236781,0.19491734344012765,23261,623,9,220
546,-1.027938558813724,-0.7856341275646082,0.25148625590628604,23261,659,11,220
547,-1.042015461465458,-0.7963928397841106,0.30278411914684233,23261,673,13,220
548,-1.0790318627583693,-0.8246837798271601,0.3638995774141442,23261,703,15,220
549,-0.9592720807533063,-0.7226009005720693,0.14746190552022845,23301,605,7,5
550,-0.9940224583883623,-0.748777680526503,0.1971074259506909,23301,630,9,5
551,-1.0239894399663485,-0.7713512217669346,0.24919654796176752,23301,653,11,5
552,-1.0568891203928839,-0.7961339077032111,0.3054835317989687,23301,679,13,5
553,-1.087848996086295,-0.8194553766654787,0.36493485359455424,23301,705,15,5
554,-0.9467119268152965,-0.7128806257980868,0.14551199602574608,23302,597,7,5
555,-0.9878410462441952,-0.7438511370661021,0.19585595023036906,23302,626,9,5
556,-1.0115773546824751,-0.7617247414164132,0.2461436040357428,23302,645,11,5
557,-1.0616982829255914,-0.7994661468846309,0.3068332381250319,23302,682,13,5
558,-1.0941650057242482,-0.8239138136043035,0.3670054059553744,23302,709,15,5
559,-0.9515423822509688,-0.7064200972457921,0.14551199602574608,23341,597,7,45
560,-0.9992256466552893,-0.7418199038185831,0.1971074259506909,23341,630,9,45
561,-1.0198914545986655,-0.7571620917540146,0.246906840017249,23341,647,11,45
562,-1.0592920120034695,-0.7864128598885852,0.30458372758159324,23341,677,13,45
563,-1.1028500688969507,-0.8187501339401525,0.36804068213578445,23341,711,15,45
564,-0.9930099916655091,-0.7369366344617595,0.19585595023036906,23342,626,9,45
565,-1.0389421097454161,-0.7710239657027413,0.25148625590628604,23342,659,11,45
566,-1.0578643626951876,-0.785066625416417,0.3041338254729055,23342,676,13,45
567,-1.1091982558827576,-0.8231627440828745,0.37011123449660466,23342,715,15,45
568,-1.0011916257117564,-0.7324931909920708,0.19648168809052996,23381,628,9,85
569,-1.039412782559721,-0.7604566062104822,0.2503414019340268,23381,656,11,85
570,-1.064756350680903,-0.7789985022945731,0.30458372758159324,23381,677,13,85
571,-1.108539101022744,-0.8110308981763354,0.36804068213578445,23381,711,15,85
572,-1.0061028278323614,-0.7358167754250478,0.19742029488077137,23382,631,9,85
573,-1.034791472428105,-0.7567983146611871,0.24919654796176752,23382,653,11,85
574,-1.0711841257512662,-0.7834142072684105,0.30638333601634415,23382,681,13,85
575,-1.1040026583671327,-0.8074161543612501,0.36648776786516934,23382,708,15,85
576,-1.009358629642847,-0.7279724029114064,0.1971074259506909,23420,630,9,124
577,-1.02704935697773,-0.740731357864595,0.2461436040357428,23420,645,11,124
578,-1.085839644242833,-0.7831322503039578,0.3090827486684705,23420,687,13,124
579,-1.1124670351332142,-0.8023365302897453,0.36752304404557945,23420,710,15,124
580,-1.0142927440380294,-0.7312619218223948,0.19804603274093227,23421,633,9,124
581,-1.0462889233140997,-0.7543298060066435,0.2507230199247799,23421,657,11,124
582,-1.074911049265061,-0.7749651412711122,0.3059334339076564,23421,680,13,124
583,-1.1235764176349519,-0.8100508017074514,0.3711465106770147,23421,717,15,124
584,-1.0128060126796234,-0.7197637688902271,0.19679455702061044,23460,629,9,164
585,-1.0545998117930766,-0.7494650759416651,0.25148625590628604,23460,659,11,164
586,-1.078572655213632,-0.7665016889903402,0.3054835317989687,23460,679,13,164
587,-1.129064187115496,-0.8023841529999832,0.3711465106770147,23460,717,15,164
588,-1.0627331104236017,-0.7549659869792368,0.2533943458600515,23461,664,11,164
589,-1.0850610955544442,-0.7708277957120474,0.3072831402337196,23461,683,13,164
590,-1.1260544098265421,-0.799949461034631,0.37011123449660466,23461,715,15,164
591,-1.0549817112346482,-0.7387061468798806,0.2503414019340268,23500,656,11,204
592,-1.0950717201949929,-0.7667774733608086,0.3086328465597828,23500,686,13,204
593,-1.121978483404965,-0.785617791789255,0.3670054059553744,23500,709,15,204
594,-1.0518938230283372,-0.736270415102091,0.2495781659525206,23501,654,11,204
595,-1.0999950599939283,-0.7699387539897753,0.309982552885846,23501,689,13,204
596,-1.131611624087584,-0.7920686878858798,0.37011123449660466,23501,715,15,204
597,-1.060113101969597,-0.7313230431964421,0.2503414019340268,23540,656,11,244
598,-1.093981791707887,-0.754687487237803,0.3068332381250319,23540,682,13,244
599,-1.1433375174184575,-0.7887357217693469,0.3721817868574248,23540,719,15,244
600,-1.0715542701023875,-0.7389397849361451,0.2530127278692984,23541,663,11,244
601,-1.0941134928596816,-0.754496539902003,0.3068332381250319,23541,682,13,244
602,-1.1450655291469438,-0.789632872038098,0.37269942494762986,23541,720,15,244
603,-1.0733116720336457,-0.7294218590902595,0.2522494918877922,23580,661,11,28
604,-1.1040590972517645,-0.750317787690704,0.30818294445109506,23580,685,13,28
605,-1.1424248365727239,-0.7763911172090933,0.37011123449660466,23580,715,15,28
606,-1.0701910395687468,-0.7270280612995643,0.25148625590628604,23581,659,11,28
607,-1.1041900355936334,-0.7501250815998516,0.30818294445109506,23581,685,13,28
608,-1.1393643520476766,-0.7740205490010974,0.36907595831619455,23581,713,15,28
609,-1.0718520644981386,-0.7175424162451143,0.2507230199247799,23620,657,11,68
610,-1.1173672198040447,-0.7480121569823895,0.31043245499453376,23620,690,13,68
611,-1.1542385398485164,-0.7726953543667642,0.3721817868574248,23620,719,15,68
612,-1.1110195076765772,-0.7434819564633041,0.3086328465597828,23621,686,13,68
613,-1.1591899618370562,-0.7757170911801147,0.3737347011280399,23621,722,15,68
614,-1.116054451794107,-0.7359023214088685,0.3086328465597828,23660,686,13,108
615,-1.1692816126151349,-0.7709991673980853,0.37528761539865507,23660,725,15,108
616,-1.1210641401925303,-0.7389249017868844,0.309982552885846,23661,689,13,108
617,-1.1613512205139405,-0.7654792493951005,0.37269942494762986,23661,720,15,108
618,-1.132476846799637,-0.7357201066608207,0.31178216132059694,23699,693,13,147
619,-1.1696424989126701,-0.7598649866325323,0.3737347011280399,23699,722,15,147
620,-1.12933653495023,-0.733399721072045,0.3108823571032215,23700,691,13,147
621,-1.1778760381694666,-0.7649216430326522,0.3763228915790651,23700,727,15,147
622,-1.1344290681707574,-0.7254976563236937,0.3108823571032215,23740,691,13,188
623,-1.1848149443142157,-0.7577207684419673,0.3768405296692702,23740,728,15,188
624,-1.1882025228677011,-0.7595950500130216,0.3778758058496803,23741,730,15,188
625,-1.1915796386228261,-0.7506682210169197,0.3773581677594752,23779,729,15,227
626,-1.1884411974610665,-0.7484013638756128,0.3763228915790651,23780,727,15,227
627,-1.1951495220120314,-0.7413129131702729,0.3768405296692702,23819,728,15,11
628,-1.2002044871298123,-0.744158310211461,0.37839344393988533,23820,731,15,11
629,-1.2068907267641067,-0.7369784023739043,0.37891108203009033,23859,732,15,51
630,-1.2070193353778325,-0.7367677489812117,0.37891108203009033,23860,732,15,51
631,-1.2186293392889924,-0.7325158890296541,0.38098163439091054,23899,736,15,91
632,-1.2204130889348217,-0.7332981640867147,0.38149927248111554,23900,737,15,91
633,-1.2371424750394018,-0.7316440201845631,0.38512273911255085,23940,744,15,132
634,-1.2372701521670428,-0.7314280869470279,0.38512273911255085,23941,744,15,132
635,-4.464622547303476,1.277680413123161,1.0721167250028607,28597,2383,13,181
636,-4.344209619658217,1.2432207835555766,1.210755492989592,28597,2339,15,181
637,-4.457235073954297,1.3101451545222726,1.0725666271115484,28638,2384,13,222
638,-4.344469382334442,1.2769991745546876,1.213343683440617,28638,2344,15,222
639,-4.44391949511916,1.307073881976227,1.0694173123507342,28639,2377,13,222
640,-4.338686395394957,1.276122053006333,1.2117907691700023,28639,2341,15,222
641,-4.475966441206731,1.34966929479083,1.0793151587418643,28678,2399,13,6
642,-4.326200476805448,1.3045093218079553,1.210755492989592,28678,2339,15,6
643,-4.572971165809401,1.3797905539781072,0.9284765715022669,28679,2433,11,6
644,-4.466402485312272,1.347635866496315,1.0770656481984258,28679,2394,13,6
645,-4.331521221122513,1.30693849765456,1.2123084072602073,28679,2342,15,6
646,-4.565595298819247,1.4106686468520324,0.9288581894930201,28717,2434,11,45
647,-4.4555045696323115,1.3766530300904565,1.076615746089738,28717,2393,13,45
648,-4.330141095642056,1.3379184707079728,1.2143789596210273,28717,2346,15,45
649,-4.447817069220796,1.375128208198987,1.0748161376549872,28718,2389,13,45
650,-4.328061863488165,1.33810358265375,1.2138613215308223,28718,2345,15,45
651,-4.453216535691166,1.4100775898412798,1.078415354524489,28757,2397,13,85
652,-4.326220401754833,1.3698652172730748,1.2159318738916425,28757,2349,15,85
653,-4.460401268803417,1.413209168897458,1.08021496295924,28758,2401,13,85
654,-4.320456369013164,1.368869791427709,1.2143789596210273,28758,2346,15,85
655,-4.331252488570085,1.4048024085661157,1.220072978613283,28797,2357,15,125
656,-4.338357271826266,1.4079436677972308,1.222143530974103,28798,2361,15,125
657,-4.714905124279541,1.5656987499543318,0.7868653591523613,28837,2515,9,165
658,-4.330506681339194,1.438049911699488,1.222661169064308,28837,2362,15,165
659,-4.707133366149648,1.5640301465890987,0.7856138834320394,28838,2511,9,165
660,-4.326589027454685,1.4375874113751645,1.221625892883898,28838,2360,15,165
661,-4.707600318722525,1.5998478087898227,0.7874910970125222,28877,2517,9,205
662,-4.327678195845059,1.4707337093241246,1.224731721425128,28877,2366,15,205
663,-4.720412497721333,1.605121019133222,0.7896811795230855,28878,2524,9,205
664,-4.321934429043868,1.4696232159207767,1.223178807154513,28878,2363,15,205
665,-4.705931288320437,1.6350957830013775,0.7890554416629246,28916,2522,9,244
666,-2.4398421297511805,0.9054307434574149,0.13638750196911162,29036,1303,3,107
667,-3.7828701962984104,5.388475000279474,1.7641106114187812,32493,3408,15,237
668,-3.8041240953426065,5.42076153361539,1.774463373222882,32494,3428,15,237
669,-3.7738782257797197,5.4583102080151695,1.7780868398543175,32534,3435,15,22
670,-3.7784173992125183,5.466914888104184,1.7806750303053427,32535,3440,15,22
671,-3.7574310609957147,5.516456798805234,1.7884396016584183,32574,3455,15,62
672,-3.742300584558883,5.573332249916487,1.7987923634625191,32612,3475,15,100
673,-3.7585540550699252,5.599649712533343,1.8070745729057998,32613,3491,15,100
674,-3.7246144639059775,5.631548722242082,1.80914512526662,32652,3495,15,140
675,-3.190221090407497,9.618174016838028,2.339490965176196,34165,5200,13,117
676,-3.198966434551902,9.650176519224889,2.347139301023888,34166,5217,13,117
677,-3.1552199680427657,9.728097172413195,2.3610862663932073,34203,5248,13,155
678,-2.9788724811257685,9.184386906182983,2.5871551748447974,34203,4998,15,155
679,-3.172149939926174,9.786114954702404,2.3750332317625267,34204,5279,13,155
680,-2.986800532545175,9.214310140375552,2.5954373842880782,34204,5014,15,155
681,-3.1295839707783144,9.88365121813809,2.3934792182187237,34243,5320,13,195
682,-2.942090260171423,9.291520615944288,2.611484165084434,34243,5045,15,195
683,-3.143145429023423,9.932503510366924,2.4051766730446045,34244,5346,13,195
684,-2.953874044824696,9.334396063410528,2.6233898411591503,34244,5068,15,195
685,-3.0927010665453167,10.015650285932733,2.4200234426313,34284,5379,13,236
686,-2.912005210915821,9.430470386821424,2.644613002857557,34284,5109,15,236
687,-3.110490493676066,10.079501020859452,2.4353201143266827,34285,5413,13,236
688,-2.925170227482759,9.478973285417378,2.6580715932028878,34285,5135,15,236
689,-3.063901200262972,10.160947577662299,2.4501668839133774,34322,5446,13,18
690,-2.8761669827121144,9.53835650230256,2.669459631187399,34322,5157,15,18
691,-3.081807217852324,10.226787329901864,2.465913457717448,34323,5481,13,18
692,-2.8856501443499916,9.575852170056828,2.6798123929915,34323,5177,15,18
693,-3.0357558026766034,10.327922209951149,2.4852592483910207,34362,5524,13,58
694,-2.8449188095241333,9.678677096651219,2.703106107050727,34362,5222,15,58
695,-3.046585511762113,10.371455945844376,2.4956069968908383,34363,5547,13,58
696,-2.8579302454917,9.729218997128816,2.7170823354862628,34363,5249,15,58
697,-2.997915376176396,10.468763871356018,2.5140529833470353,34402,5588,13,98
698,-2.808126965955151,9.806019996757284,2.733129116282619,34402,5280,15,98
699,-3.0159262794031854,10.53860756549813,2.530699361368481,34403,5625,13,98
700,-2.8223609921676447,9.8622287645939,2.7486582589887707,34403,5310,15,98
701,-2.9640121260423338,10.630223209596055,2.547795641498615,34442,5663,13,138
702,-2.7748828850766465,9.951924349324113,2.768328506416562,34442,5348,15,138
703,-2.996156437195495,10.752760164748112,2.5770392785633174,34443,5728,13,138
704,-2.784553759607042,9.99334960324321,2.7797165444010727,34443,5370,15,138
705,-2.7379558228573897,10.084307467317766,2.7999044299190694,34481,5409,15,177
706,-2.7544066908116824,10.151905211618365,2.818539401166451,34482,5445,15,177
707,-2.7000363083464434,10.226453902611734,2.8340685438726023,34521,5475,15,217
708,-2.712543522265535,10.281095005743298,2.8490800484885486,34522,5504,15,217
709,-2.643101313022859,10.309138067953118,2.8516682389395736,34562,5509,15,2
710,-4.865053467767261,22.86865017383412,-2.870754253251654,34799,11778,8,239
711,-4.868078367530803,22.902508063186076,-2.874897810927429,34800,11795,8,239
712,-4.715270350696288,22.950669025397666,-2.8768477204219116,34839,11803,8,23
713,-4.715256213834933,22.970937118646876,-2.8792851072900145,34840,11813,8,23
714,-4.563806846839003,23.027814305165673,-2.8824537102185483,34879,11826,8,63
715,-4.651852165201848,23.47206869842578,-2.093480940798749,34879,12010,10,63
716,-4.561329958019585,23.03639963510198,-2.8834286649657894,34880,11830,8,63
717,-4.408517107230454,23.088362245779084,-2.886109790520703,34919,11841,8,103
718,-4.486379469063851,23.49614435744946,-2.092783694856768,34919,12006,10,103
719,-4.4082070527581685,23.10863063411617,-2.888547177388806,34920,11851,8,103
720,-4.48750526156672,23.524326402344045,-2.095224055653702,34920,12020,10,103
721,-4.2572670701953665,23.173244296464205,-2.892934473751391,34959,11869,8,143
722,-4.253939205592236,23.177891937099737,-2.8934219511250117,34960,11871,8,143
723,-4.106342194496895,23.24078181445,-2.897809247487597,34998,11889,8,182
724,-4.105391290045349,23.25909201926704,-2.9000028956688895,34999,11898,8,182
725,-3.9536124806862856,23.325641043245806,-2.9048776694050953,35038,11918,8,222
726,-3.8797561508145995,22.91417346516422,-3.6809029623966327,35039,11765,6,222
727,-3.952192471827269,23.341988606204495,-2.9068275788995774,35039,11926,8,222
728,-3.7331908318531486,22.998546760302535,-3.6902890302990463,35078,11795,6,6
729,-3.7948085800301783,23.378146605727665,-2.908046272333629,35078,11931,8,6
730,-3.7329707621528883,23.022596904417814,-3.694043457460012,35079,11807,6,6
731,-3.7942231960316,23.4003630816677,-2.910727397888542,35079,11942,8,6
732,-3.5848276503996126,23.05012698997736,-3.694669195320173,35116,11809,6,44
733,-3.648828330699426,23.46164574407735,-2.915358432937938,35116,11961,8,44
734,-3.584746537369002,23.076127851741592,-3.698736491411219,35117,11822,6,44
735,-3.648085344814861,23.48385944541522,-2.918039558492851,35117,11972,8,44
736,-3.4267442383768874,23.122085926955187,-3.7021780496421037,35157,11833,6,85
737,-3.488123738924043,23.53624642072964,-2.9214519001081953,35157,11986,8,85
738,-3.426468885601116,23.148086754918623,-3.7062453457331497,35158,11846,6,85
739,-3.4808184243854066,23.51525420364561,-2.918770774553282,35158,11975,8,85
740,-0.20267083445571607,1.4366195322842998,-0.28201569516653324,35197,739,4,125
741,-3.273241792036933,23.20216969036561,-3.7112512486144373,35197,11862,6,125
742,-3.403034070514988,24.12219413740562,-2.9911611645359395,35197,12272,8,125
743,-0.20296791559530405,1.4405429883685077,-0.28277893114803937,35198,741,4,125
744,-3.273326231269278,23.232081470943413,-3.715944282565644,35198,11877,6,125
745,-0.19420051157211293,1.449674652833177,-0.28430540311105174,35237,745,4,165
746,-3.1164272668053954,23.263613362873922,-3.7175086272160462,35237,11882,6,165
747,-0.19915413675600432,1.4886268748046527,-0.29193776292611356,35238,765,4,165
748,-3.117081866617002,23.29939971720132,-3.7231402679574948,35238,11900,6,165
749,-2.962394601021379,23.35143182669319,-3.728146170838782,35277,11916,6,205
750,-0.18956557353070083,1.4963651885463711,-0.34822423212430303,35278,774,2,205
751,-2.9103089665441684,22.972974176377914,-4.501184200932692,35278,11795,4,205
752,-2.9605533420987427,23.36958592976645,-3.7309619912095067,35278,11925,6,205
753,-1.8157553679207326,14.332945971504467,-1.7739301626053268,35278,7278,8,205
754,-2.7550380677008635,23.001998284176924,-4.503092290886458,35317,11800,4,245
755,-2.8056428103832523,23.424500687319,-3.7365936319509543,35317,11943,6,245
756,-2.7549867585386374,23.035617943029187,-4.50957979672926,35318,11817,4,245
757,-2.805073077690683,23.45441099478641,-3.7412866659021615,35318,11958,6,245
758,-2.6052321379203205,23.08069506732145,-4.514922448599803,35356,11831,4,28
759,-2.6505647985802834,23.48231352659556,-3.742851010552564,35356,11963,6,28
760,-2.604721571261505,23.112363884233137,-4.521028336451852,35357,11847,4,28
761,-2.648899751899196,23.504368234297775,-3.7462925687834487,35357,11974,6,28
762,-2.449407364482096,23.149081659227722,-4.524844516359384,35396,11857,4,68
763,-2.4932154088761003,23.563106705332007,-3.752862816315139,35396,11995,6,68
764,-0.15353516355094715,1.453468353848802,-0.3374265815157975,35397,750,2,68
765,-2.4474294328595283,23.169032726233098,-4.528660696266915,35397,11867,4,68
766,-0.1449788614406479,1.4680548997264224,-0.3405758962766116,35436,757,2,108
767,-2.29275445540721,23.216414991009454,-4.534766584118964,35436,11883,4,108
768,-0.14357556026903912,1.456444142528983,-0.33787648362448525,35437,751,2,108
769,-2.2902432163207758,23.232445070224315,-4.537819528044989,35437,11891,4,108
770,-0.13872741769140048,1.509759588352055,-0.35002384055905394,35475,778,2,147
771,-0.1427352931666346,1.5563580846309932,-0.36082149116755946,35476,802,2,147
772,-1.2155203465215627,14.355051690799915,-2.2817531070768076,35516,7293,6,187
773,-0.08540136333650773,1.4947473443483092,-0.40116951990890715,35673,775,0,89
774,-0.08327288179777309,1.461973894211897,-0.3923696723754214,35674,758,0,89
775,-0.07229330362011886,1.4470840533670402,-0.3882285676537811,35714,750,0,130
776,-0.07597896575680776,1.5262045990276103,-0.4094517293521878,35715,791,0,130
777,-0.5218535070999256,14.438161016400214,-2.8083267939519865,35793,7359,4,209
778,-0.13803184016527836,17.19233034043548,-2.1110207664639646,35954,8661,8,113
779,0.42260932531040285,16.138799018159773,-1.4124459669685483,150,8103,10,150
780,0.7919509666385068,14.670371415688976,-3.9366376760093407,309,7605,0,52
781,1.6748252183270318,17.457596619446406,-3.4089935113973495,548,8933,4,35
782,2.3467918727732475,16.999583669196742,-3.335722857172756,786,8741,4,18
783,0.5173819367672061,1.07456026637,-0.27534009051689073,2571,612,2,11
784,0.5217979838156156,1.0832482990843446,-0.2775896010603294,2572,617,2,11
785,0.514187813453602,1.0495879140577993,-0.3131710445740501,2610,605,0,50
786,0.528113502758775,1.078013782596888,-0.2771396989516417,2610,616,2,50
787,0.4990673934702684,1.0182734168620886,-0.3038535589503593,2611,587,0,50
788,0.5240134809214085,1.0691722294043795,-0.274890188408203,2611,611,2,50
789,0.5009903250311748,1.0043921031543983,-0.30074773040912905,2651,581,0,91
790,0.5323347086746896,1.0672317426381133,-0.27534009051689073,2651,612,2,91
791,0.5046159825844617,1.011218966268225,-0.30281828276994927,2652,585,0,91
792,0.5333910999438024,1.0688825073263777,-0.27578999262557846,2652,613,2,91
793,0.4982009422945755,0.9820077028597716,-0.2950537114168737,2690,570,0,130
794,0.5378233811683172,1.0601077963700292,-0.2744402862995153,2690,610,2,130
795,0.4992466647990803,0.9836434033924892,-0.2955713495070787,2691,571,0,130
796,0.5388903776687677,1.0617516400613258,-0.274890188408203,2691,611,2,130
797,0.506816538676877,0.9819390549047357,-0.29608898759728375,2730,572,0,170
798,0.5371670641321546,1.0407421207226373,-0.27039116732132573,2730,601,2,170
799,0.5078742541552584,0.9835671057759721,-0.2966066256874888,2731,573,0,170
800,0.527513698556883,1.0216015431019658,-0.2654422441257607,2731,590,2,170
801,0.5100673365574758,0.971535111006424,-0.2940184352364636,2770,568,0,210
802,0.5281142511260603,1.0059094178715675,-0.2622929293649466,2770,583,2,210
803,0.5502997152398065,1.048166500016738,-0.23011564842411303,2770,603,4,210
804,0.5084402848722358,0.968025487902346,-0.2929831590560535,2771,566,0,210
805,0.529195964868806,1.0075424731870068,-0.2627428314736343,2771,584,2,210
806,0.5513955529673257,1.049808532230107,-0.23049726641486612,2771,604,4,210
807,0.5168374460748276,0.9679505225350887,-0.2940184352364636,2810,568,0,250
808,0.5296166183100013,0.9918837853753579,-0.2595935167128202,2810,577,2,250
809,0.5529802473328269,1.0356399742751958,-0.22820755847034757,2810,598,4,250
810,0.5170063774382319,0.9678603026415011,-0.2940184352364636,2811,568,0,250
811,0.5270351873145973,0.9866347073406633,-0.25824381038675703,2811,574,2,250
812,0.5476108818942336,1.0251533772293826,-0.22591785052582905,2811,592,4,250
813,0.5250881375431266,0.9678975954049163,-0.2950537114168737,2848,570,0,32
814,0.5278199993902127,0.9729332500383369,-0.25554439773463067,2848,568,2,32
815,0.5551557510129822,1.0233213779973152,-0.22629946851658211,2848,593,4,32
816,0.5261785631565725,0.9695038406448163,-0.2955713495070787,2849,571,0,32
817,0.5298489192512619,0.9762666101293584,-0.2564442019520061,2849,570,2,32
818,0.552524897200259,1.0180479544320302,-0.22515461454432287,2849,590,4,32
819,0.5262342498701553,0.9540586711245932,-0.29194788287564344,2888,564,0,72
820,0.5402466142122527,0.9794629805302119,-0.25824381038675703,2888,574,2,72
821,0.5528042328540955,1.002229847105092,-0.22248328860905123,2888,583,4,72
822,0.525467421830333,0.9522753808742943,-0.2914302447854384,2889,563,0,72
823,0.5385345665272244,0.9759562403837725,-0.2573440061693816,2889,572,2,72
824,0.5482366152665232,0.9935387236636966,-0.22057519865528577,2889,578,4,72
825,0.5355496764942806,0.9555102438390614,-0.29350079714625854,2927,567,0,111
826,0.535467569139514,0.9553637505779923,-0.2528449850825043,2927,562,2,111
827,0.5567336790854739,0.9933060494754308,-0.22133843463679195,2927,580,4,111
828,0.5997696031443965,1.070089339796062,-0.19429160557996675,2927,621,6,111
829,0.5394957409999601,0.9621569117319008,-0.2955713495070787,2928,571,0,111
830,0.535634303413048,0.9552702793062534,-0.2528449850825043,2928,562,2,111
831,0.5492255588676885,0.9795094333551031,-0.21828549071076728,2928,572,4,111
832,0.5844985470174497,1.042416601598592,-0.18928570269867934,2928,605,6,111
833,0.546032386785191,0.9584624196765527,-0.2955713495070787,2967,571,0,151
834,0.5421241631945919,0.9516022305560196,-0.2528449850825043,2967,562,2,151
835,0.554908274862449,0.9740424573614854,-0.21790387272001419,2967,571,4,151
836,0.5935360942980636,1.0418467015402344,-0.18991144055884027,2967,607,6,151
837,0.5442865280513313,0.9550103019816775,-0.29453607332666865,2968,569,0,151
838,0.5432551701118459,0.9532006715637328,-0.25329488719119203,2968,563,2,151
839,0.5531340367740025,0.9705342246612902,-0.217140636738508,2968,569,4,151
840,0.5790461444995433,1.015999854524568,-0.18521840660763333,2968,592,6,151
841,0.5488384795993791,0.947939663367639,-0.29350079714625854,3007,567,0,191
842,0.5487543348827787,0.9477943307838401,-0.2528449850825043,3007,562,2,191
843,0.5646459070879815,0.9752418443356933,-0.21904872669227346,3007,574,4,191
844,0.5829790355648616,1.0069063508942258,-0.18427979981739195,3007,589,6,191
845,0.5509404396779486,0.9511872231252775,-0.29453607332666865,3008,569,0,191
846,0.5459895712510732,0.9426396516422857,-0.2514952787564411,3008,559,2,191
847,0.5648161102989372,0.9751432801805451,-0.21904872669227346,3008,574,4,191
848,0.5811746129921341,1.003385895226783,-0.18365406195723102,3008,587,6,191
849,0.5613206211689764,0.9540752956914652,-0.2966066256874888,3047,573,0,231
850,0.5504168557113617,0.9355421920412564,-0.2505954745390656,3047,557,2,231
851,0.5714405642342957,0.9712761383263177,-0.21904872669227346,3047,574,4,231
852,0.5829824872512843,0.9908939168293573,-0.1820897173068287,3047,582,6,231
853,0.5614871301709466,0.9539773122305775,-0.2966066256874888,3048,573,0,231
854,0.5535455528471673,0.9404844213286904,-0.25194518086512885,3048,560,2,231
855,0.5726059115634323,0.9728683332676109,-0.21943034468302655,3048,575,4,231
856,0.5871633630295118,0.9976017201545186,-0.18334119302715057,3048,586,6,231
857,0.5570641983812058,0.9318934135123443,-0.29091260669523333,3087,562,0,15
858,0.5609342371055717,0.9383674673247315,-0.2523950829738166,3087,561,2,15
859,0.5772000402604966,0.9655779663473057,-0.21866710870152037,3087,573,4,15
860,0.596980817161631,0.9986685432716369,-0.18427979981739195,3087,589,6,15
861,0.5582183428048275,0.9334541735835411,-0.2914302447854384,3088,563,0,15
862,0.5640985286688717,0.9432870357726614,-0.25374478929987976,3088,564,2,15
863,0.5793838046314661,0.9688471142358095,-0.21943034468302655,3088,575,4,15
864,0.5890443431283957,0.9850014919900647,-0.18177684837674826,3088,581,6,15
865,0.570575799543963,0.9395401846031255,-0.29453607332666865,3127,569,0,55
866,0.5614023405856091,0.9244346835810533,-0.24969567032169018,3127,555,2,55
867,0.589022273813103,0.9699151213844555,-0.22057519865528577,3127,578,4,55
868,0.5947099759644648,0.9792807915259673,-0.18146397944666778,3127,580,6,55
869,0.5717428291445156,0.9410916239670576,-0.2950537114168737,3128,570,0,55
870,0.5605518498797981,0.9226712148020262,-0.24924576821300246,3128,554,2,55
871,0.5871528218882509,0.9664565509189562,-0.21981196267377964,3128,576,4,55
872,0.5948808836467828,0.9791769801394444,-0.18146397944666778,3128,580,6,55
873,0.5769577793370876,0.9356346628742033,-0.29453607332666865,3166,569,0,94
874,0.5676817138017425,0.920591953059399,-0.24969567032169018,3166,555,2,94
875,0.5904582396534719,0.957527943611799,-0.21866710870152037,3166,573,4,94
876,0.6023987311680655,0.9768914709840194,-0.18177684837674826,3166,581,6,94
877,0.5730639794830843,0.928957261915308,-0.2924655209658485,3167,565,0,94
878,0.5719349364458872,0.9271270426623631,-0.2514952787564411,3167,559,2,94
879,0.5813485128415138,0.9423867875885752,-0.21523254678474257,3167,564,4,94
880,0.6129404647770085,0.9935984746239901,-0.18490553767755288,3167,591,6,94
881,0.5803993069931505,0.9266722791534266,-0.2929831590560535,3206,566,0,134
882,0.5771979868343134,0.9215610141809405,-0.2510453766477534,3206,558,2,134
883,0.5887917283893125,0.9400717166942595,-0.21561416477549566,3206,565,4,134
884,0.609203984777714,0.9726621624825198,-0.18177684837674826,3206,581,6,134
885,0.5826124853892666,0.9298450686053259,-0.2940184352364636,3207,568,0,134
886,0.5701159681913706,0.909900722779229,-0.24789606188693925,3207,551,2,134
887,0.5816589954532787,0.9283233059634717,-0.21294283884022402,3207,558,4,134
888,0.6083249010343275,0.9708818872267393,-0.18146397944666778,3207,580,6,134
889,0.5889281942880831,0.925857840985148,-0.2940184352364636,3246,568,0,174
890,0.5804798493316711,0.912576142983413,-0.24969567032169018,3246,555,2,174
891,0.5963939648878238,0.9375948274561763,-0.21599578276624873,3246,566,4,174
892,0.6170397524047485,0.9700522041639852,-0.1820897173068287,3246,582,6,174
893,0.5911640377763506,0.92901474036696,-0.2950537114168737,3247,570,0,174
894,0.5827315082808223,0.9157630137744693,-0.2505954745390656,3247,557,2,174
895,0.5849637214117687,0.9192709384278198,-0.21179798486796475,3247,555,4,174
896,0.6235720289417859,0.979943923426911,-0.1839669308873115,3247,588,6,174
897,0.5901364980159608,0.9136100514627439,-0.2914302447854384,3286,563,0,214
898,0.6005823580260784,0.9297816367375086,-0.25554439773463067,3286,568,2,214
899,0.5933378776957106,0.9185662144247047,-0.21256122084947093,3286,557,4,214
900,0.628084166455972,0.9723581062482524,-0.18334119302715057,3286,586,6,214
901,0.5892474610348793,0.9118844690692637,-0.29091260669523333,3287,562,0,214
902,0.5986293284064836,0.9264032913175743,-0.2546445935172552,3287,566,2,214
903,0.5881705568507052,0.9102179159397866,-0.21065313089570548,3287,552,4,214
904,0.6164607040976847,0.9539980721697278,-0.17989963479626553,3287,575,6,214
905,0.6819806399287871,1.055392844060413,-0.15428658875091672,3287,633,8,214
906,0.5995191887547242,0.9144187283867348,-0.2929831590560535,3325,566,0,253
907,0.597280889697722,0.9110047549629574,-0.2514952787564411,3325,559,2,253
908,0.6028058832287033,0.9194317705676437,-0.2137060748217302,3325,560,4,253
909,0.6216911688676355,0.9482366181906907,-0.17958676586618505,3325,574,6,253
910,0.6028572852105952,0.9191602663180228,-0.29453607332666865,3326,569,0,253
911,0.5942335846047511,0.9060119422619477,-0.2501455724303779,3326,556,2,253
912,0.6105034244776069,0.9308181289289326,-0.21637740075700182,3326,567,4,253
913,0.6446075112467727,0.9828157115181999,-0.18615701339787472,3326,595,6,253
914,0.6123112190138819,0.9198599254741723,-0.29608898759728375,3365,572,0,37
915,0.6133447870550176,0.9214126290532815,-0.25554439773463067,3365,568,2,37
916,0.6190008605627363,0.9299096077035592,-0.217140636738508,3365,569,4,37
917,0.6600390782663165,0.9915603021644627,-0.18865996483851843,3365,603,6,37
918,0.6103302458958779,0.916537123265504,-0.2950537114168737,3366,570,0,37
919,0.6156658255206292,0.9245495998437299,-0.2564442019520061,3366,570,2,37
920,0.6431026752688824,0.9657517056034074,-0.22553623253507596,3366,591,4,37
921,0.6700660404927029,1.0062427763998785,-0.19147578520924258,3366,612,6,37
922,0.6174768781379777,0.914069954825965,-0.2955713495070787,3404,571,0,76
923,0.6239657837443531,0.9236756807478418,-0.2573440061693816,3404,572,2,76
924,0.6385038529383001,0.9451968303193703,-0.22172005262754504,3404,581,4,76
925,0.6700903514889568,0.9919552925801346,-0.18959857162875982,3404,606,6,76
926,0.6187180789987943,0.9155628051333549,-0.29608898759728375,3405,572,0,76
927,0.6230358549639808,0.921952136896572,-0.25689410406069385,3405,571,2,76
928,0.6408673268813141,0.948338681919967,-0.22248328860905123,3405,583,4,76
929,0.6780057874527577,1.0032952029806548,-0.19178865413932303,3405,613,6,76
930,0.6302380038280798,0.9194063311963301,-0.2986771780483089,3443,577,0,115
931,0.6247294631250964,0.91137033976577,-0.25509449562594294,3443,567,2,115
932,0.6471428063068414,0.9440674629151283,-0.22248328860905123,3443,583,4,115
933,0.6879955605895706,1.0036644416853822,-0.19272726092956444,3443,616,6,115
934,0.6238431909472083,0.9097369127716922,-0.2955713495070787,3444,571,0,115
935,0.6315010946477605,0.9209042666387202,-0.2577939082780693,3444,573,2,115
936,0.6450869581550688,0.9407162349407387,-0.22172005262754504,3444,581,4,115
937,0.7004594855044219,1.0214647833166228,-0.1961688191604495,3444,627,6,115
938,0.6312827396726979,0.9069450997799969,-0.29608898759728375,3484,572,0,156
939,0.6412546457530806,0.9212714400815843,-0.2591436146041325,3484,576,2,156
940,0.6381796494683248,0.916853684554565,-0.217140636738508,3484,569,4,156
941,0.7019309952224589,1.0084433432011324,-0.1946044745100472,3484,622,6,156
942,0.633648857578861,0.9100056577645921,-0.29712426377769385,3485,574,0,156
943,0.6425289966364471,0.9227587412547394,-0.2595935167128202,3485,577,2,156
944,0.6338522116172399,0.9102977017306478,-0.21561416477549566,3485,565,4,156
945,0.6998494123476232,1.0050786286477296,-0.19397873664988627,3485,620,6,156
946,0.6364842920514278,0.9009380241294945,-0.2955713495070787,3524,571,0,196
947,0.6431729416791139,0.9104057499711482,-0.2573440061693816,3524,572,2,196
948,0.6581585273849423,0.9316177172495824,-0.22172005262754504,3524,581,4,196
949,0.7237714636816917,1.0244922625019128,-0.1986717706010932,3524,635,6,196
950,0.652250950153307,0.9229137476732954,-0.30281828276994927,3525,585,0,196
951,0.6568282995698531,0.929390547290746,-0.2627428314736343,3525,584,2,196
952,0.6605872809544945,0.9347093829265057,-0.22248328860905123,3525,583,4,196
953,0.7239502602885325,1.0243659249479127,-0.1986717706010932,3525,635,6,196
954,0.6572321583705857,0.9169973883440193,-0.3023006446797442,3563,584,0,235
955,0.6448139858452672,0.8996710423509165,-0.25554439773463067,3563,568,2,235
956,0.6599097875641127,0.9207333269254566,-0.22019358066453268,3563,577,4,235
957,0.7307281405204236,1.0195420110117044,-0.1986717706010932,3563,635,6,235
958,0.6562665230300535,0.9153126611621967,-0.30178300658953916,3564,583,0,235
959,0.6654102200174087,0.9280656225409283,-0.26364263569100976,3564,586,2,235
960,0.6612144454219304,0.9222136622841531,-0.22057519865528577,3564,578,4,235
961,0.6647542716353405,0.913949039040376,-0.30281828276994927,3603,585,0,19
962,0.6568104401053623,0.9030273232983147,-0.2577939082780693,3603,573,2,19
963,0.6697859953692367,0.9208669924368964,-0.22133843463679195,3603,580,4,19
964,0.664913775709011,0.913833003613158,-0.30281828276994927,3604,585,0,19
965,0.659261120258458,0.9060642021572686,-0.25869371249544476,3604,575,2,19
966,0.6768771899504604,0.9302750795170217,-0.2236281425813105,3604,586,4,19
967,0.6827521035664393,0.9247101449779677,-0.3079946636719997,3644,595,0,60
968,0.6620979827045895,0.8967364851433259,-0.2573440061693816,3644,572,2,60
969,0.6845213225417206,0.9271063510483468,-0.2240097605720636,3644,587,4,60
970,0.7173460982492389,0.9712090001813132,-0.3235238063781509,3645,625,0,60
971,0.6738323582323538,0.9122961043851403,-0.26184302725625885,3645,582,2,60
972,0.6753518365288073,0.9143533135909859,-0.22095681664603886,3645,579,4,60
973,0.6858686549239604,0.9154863842085869,-0.2640925377996975,3684,587,2,100
974,0.6721428856086733,0.8971654493900588,-0.21790387272001419,3684,571,4,100
975,0.6883658321960917,0.9184854597310121,-0.26499234201707295,3685,589,2,100
976,0.668767238948353,0.8923350872295157,-0.2167590187477549,3685,568,4,100
977,0.6895677648975933,0.9078137929132837,-0.26319273358232204,3722,585,2,138
978,0.6947036729847845,0.9145751997510577,-0.2232465245905574,3722,585,4,138
979,0.6932632552154532,0.9123482648941639,-0.2645424399083852,3723,588,2,138
980,0.7186192956619067,0.9457173196246337,-0.2308788844056192,3723,605,4,138
981,0.7591068326868815,0.9846533725792479,-0.28703754534277176,3763,638,2,179
